<?xml version="1.0" encoding="UTF-8"?>
<beans xmlns="http://www.springframework.org/schema/beans"
    xmlns:xsi="http://www.w3.org/2001/XMLSchema-instance"
    xmlns:context="http://www.springframework.org/schema/context"
    xmlns:aop="http://www.springframework.org/schema/aop"
    xmlns:tx="http://www.springframework.org/schema/tx"
    xsi:schemaLocation="http://www.springframework.org/schema/beans
    	http://www.springframework.org/schema/beans/spring-beans-3.0.xsd
		http://www.springframework.org/schema/context
		http://www.springframework.org/schema/context/spring-context-3.0.xsd
		http://www.springframework.org/schema/aop
		http://www.springframework.org/schema/aop/spring-aop-3.0.xsd
		http://www.springframework.org/schema/tx
		http://www.springframework.org/schema/tx/spring-tx-3.0.xsd">
            
	<!-- 默认数据源 -->
	<bean id="defaultDataSource" class="com.mchange.v2.c3p0.ComboPooledDataSource" destroy-method="close">
		<property name="driverClass"><value>com.mysql.jdbc.Driver</value></property>
		<property name="jdbcUrl"><value>jdbc:mysql://localhost:3306/os_grid</value></property>
		<property name="user"><value>root</value></property>
		<property name="password"><value>root</value></property>
		<property name="minPoolSize"><value>1</value></property>
		<property name="maxPoolSize"><value>20</value></property>
		<property name="maxIdleTime"><value>1800</value></property>
		<property name="acquireIncrement"><value>2</value></property>
		<property name="maxStatements"><value>0</value></property>
		<property name="initialPoolSize"><value>2</value></property>
		<property name="idleConnectionTestPeriod"><value>1800</value></property>
		<property name="acquireRetryAttempts"><value>30</value></property>
		<property name="breakAfterAcquireFailure"><value>true</value></property>
		<property name="testConnectionOnCheckout"><value>false</value></property>
	</bean>
	
	<bean id="defaultJdbcTemplate" class="org.springframework.jdbc.core.JdbcTemplate">
        <property name="dataSource" ref="defaultDataSource" />
    </bean>
	
	<!-- 事务处理 -->
	<bean id="transactionManager" class="org.springframework.jdbc.datasource.DataSourceTransactionManager">
        <property name="dataSource" ref="defaultDataSource" />
    </bean>
    <tx:annotation-driven transaction-manager="transactionManager" />
	
</beans>